<?xml version="1.0" encoding="ISO-8859-1"?>
<metadata>
	<idinfo>
		<citation>
			<citeinfo>
				<origin>Rockland County Department of Planning - GIS</origin>
				<pubdate>20071001</pubdate>
				<title Sync="TRUE">hudsonRiver_83</title>
				<geoform Sync="TRUE">vector digital data</geoform>
				<onlink>\\YC_PLAN_1\TEST\Shared\Environment\hudsonRiver_83.shp</onlink>
				<ftname Sync="TRUE">hudsonRiver_83</ftname></citeinfo>
		</citation>
		<descript>
			<abstract>Hudson River</abstract>
			<purpose>Environmental Feature</purpose>
			<langdata Sync="TRUE">en</langdata></descript>
		<timeperd>
			<timeinfo>
				<sngdate>
					<caldate>20071001</caldate>
				</sngdate>
			</timeinfo>
			<current>publication date</current>
		</timeperd>
		<status>
			<progress>Complete</progress>
			<update>As needed</update>
		</status>
		<spdom>
			<bounding>
				<westbc Sync="TRUE">-73.989577</westbc>
				<eastbc Sync="TRUE">-73.863900</eastbc>
				<northbc Sync="TRUE">41.322160</northbc>
				<southbc Sync="TRUE">40.990448</southbc>
			</bounding>
			<lboundng><leftbc Sync="TRUE">633024.079349</leftbc><rightbc Sync="TRUE">666836.875000</rightbc><bottombc Sync="TRUE">786349.452967</bottombc><topbc Sync="TRUE">906983.437531</topbc></lboundng></spdom>
		<keywords>
			<theme>
				<themekey>Hudson River</themekey>
				<themekey>Water</themekey>
			</theme>
			<place>
				<placekey>Rockland County</placekey>
				<placekey>New York</placekey>
			</place>
		</keywords>
		<accconst>To be used by authorized personnel only</accconst>
		<useconst>To be used by authorized personnel only</useconst>
		<ptcontac>
			<cntinfo>
				<cntperp>
					<cntper>Douglas J. Schuetz</cntper>
					<cntorg>Rockland County Planning Department</cntorg>
				</cntperp>
				<cntpos>GIS Director</cntpos>
				<cntaddr>
					<addrtype>mailing and physical address</addrtype>
					<address>50 Sanatorium Rd</address>
					<address>Building T</address>
					<address>Yeager Health Center</address>
					<city>Pomona</city>
					<state>NY</state>
					<postal>10970</postal>
				</cntaddr>
				<cntvoice>845.364.3434</cntvoice>
				<cntfax>845.364.3435</cntfax>
				<cntemail>schuetzd@co.rockland.ny.us</cntemail>
				<hours>9-5</hours>
			</cntinfo>
		</ptcontac>
		<native Sync="TRUE">Microsoft Windows XP Version 5.1 (Build 2600) Service Pack 2; ESRI ArcCatalog 9.2.0.1324</native>
		<natvform Sync="TRUE">Shapefile</natvform></idinfo>
	<dataqual>
		<attracc>
			<attraccr>All attributes created during the creation process were verified by displaying the lines in both the database and the spatial coverage, but no formal tests were performed.</attraccr>
		</attracc>
		<logic>This data is believed to be logically consistent, though no tests were performed. Line geometry is topologically clean.</logic>
		<posacc>
			<horizpa><horizpar>This data was created using Rockland's parcel based GIS system at 1:1200 scale.  Therefore, the horizontal accuracy is assumed to be within National Map Accuracy Standards for 100' scale mapping.</horizpar></horizpa>
			<vertacc><vertaccr>This data was created using Rockland's parcel based GIS system at 1:1200 scale.  Therefore, the vertical accuracy is assumed to be within National Map Accuracy Standards for 100' scale mapping.</vertaccr></vertacc>
		</posacc>
		<lineage>
			<srcinfo>
				<typesrc>digital tape media</typesrc>
			</srcinfo>
			<procstep>
				<procdesc>Original Polygon was based on an interpretation of Aerial Photography taken in 2000 &amp; tax mapping boundaries</procdesc>
				<srcused>C:\GIS\CC-metadata.xml</srcused>
				<proccont>
					<cntinfo>
						<cntorgp>
							<cntorg>Rockland County Department of Planning</cntorg>
							<cntper>Caren Clarke</cntper>
						</cntorgp>
						<cntpos>GIS Technician</cntpos>
						<cntaddr>
							<addrtype>mailing and physical address</addrtype>
							<address>50 Sanatorium Rd., Building T</address>
							<address>Yeager Health Center</address>
							<city>Pomona</city>
							<state>NY</state>
							<postal>10970</postal>
							<country>USA</country>
						</cntaddr>
						<cntvoice>845-364-3425</cntvoice>
						<cntfax>845-364-3435</cntfax>
						<cntemail>clarkec@co.rockland.ny.us</cntemail>
						<hours>9-5</hours>
					</cntinfo>
				</proccont>
			</procstep>
			<procstep>
				<procdesc>Updated Polygon based on the boundary of Westchester County &amp; an interpretation of Aerial Photography taken in 2004.</procdesc>
				<srcused>C:\GIS\CC-metadata.xml</srcused>
			</procstep>
			<procstep><procdesc Sync="TRUE">Metadata imported.</procdesc><srcused Sync="TRUE">C:\DOCUME~1\ClarkeC\LOCALS~1\Temp\xml1C4.tmp</srcused><date Sync="TRUE">20071024</date><time Sync="TRUE">16345300</time></procstep></lineage>
	</dataqual>
	<spdoinfo>
		<direct Sync="TRUE">Vector</direct>
		<ptvctinf>
			<sdtsterm Name="hudsonRiver_83">
				<sdtstype Sync="TRUE">G-polygon</sdtstype>
				<ptvctcnt Sync="TRUE">1</ptvctcnt>
			</sdtsterm>
			<esriterm Name="hudsonRiver_83"><efeatyp Sync="TRUE">Simple</efeatyp><efeageom Sync="TRUE">Polygon</efeageom><esritopo Sync="TRUE">FALSE</esritopo><efeacnt Sync="TRUE">1</efeacnt><spindex Sync="TRUE">TRUE</spindex><linrefer Sync="TRUE">FALSE</linrefer></esriterm></ptvctinf>
	</spdoinfo>
	<spref>
		<horizsys>
			<planar>
				<planci>
					<plance Sync="TRUE">coordinate pair</plance>
					<coordrep>
						<absres Sync="TRUE">0.000000</absres>
						<ordres Sync="TRUE">0.000000</ordres>
					</coordrep>
					<plandu Sync="TRUE">survey feet</plandu>
				</planci>
				<mapproj><mapprojn Sync="TRUE">Transverse Mercator</mapprojn><transmer><sfctrmer Sync="TRUE">0.999900</sfctrmer><longcm Sync="TRUE">-74.500000</longcm><latprjo Sync="TRUE">38.833333</latprjo><feast Sync="TRUE">492125.000000</feast><fnorth Sync="TRUE">0.000000</fnorth></transmer></mapproj></planar>
			<geodetic>
				<horizdn Sync="TRUE">North American Datum of 1983</horizdn>
				<ellips Sync="TRUE">Geodetic Reference System 80</ellips>
				<semiaxis Sync="TRUE">6378137.000000</semiaxis>
				<denflat Sync="TRUE">298.257222</denflat>
			</geodetic>
			<cordsysn><geogcsn Sync="TRUE">GCS_North_American_1983</geogcsn><projcsn Sync="TRUE">NAD_1983_StatePlane_New_York_East_FIPS_3101_Feet</projcsn></cordsysn></horizsys>
	</spref>
	<eainfo>
		<detailed Name="hudsonRiver_83">
			<enttyp>
				<enttypl Sync="TRUE">hudsonRiver_83</enttypl>
				<enttypd>Hudson River</enttypd>
				<enttypt Sync="TRUE">Feature Class</enttypt><enttypc Sync="TRUE">1</enttypc></enttyp>
			<attr>
				<attrlabl>FID</attrlabl>
				<attrdef>Internal feature number.</attrdef>
				<attrdefs>ESRI</attrdefs>
				<attrdomv>
					<udom>Sequential unique whole numbers that are automatically generated.</udom>
				</attrdomv>
			</attr>
			<attr>
				<attrlabl>Shape</attrlabl>
				<attrdef>Feature geometry.</attrdef>
				<attrdefs>ESRI</attrdefs>
				<attrdomv>
					<udom>Coordinates defining the features.</udom>
				</attrdomv>
			</attr>
			<attr><attrlabl Sync="TRUE">ACRES</attrlabl><attalias Sync="TRUE">ACRES</attalias><attrtype Sync="TRUE">Number</attrtype><attwidth Sync="TRUE">19</attwidth><atnumdec Sync="TRUE">3</atnumdec><attrdef>Acres</attrdef></attr><attr><attrlabl Sync="TRUE">Name</attrlabl><attalias Sync="TRUE">Name</attalias><attrtype Sync="TRUE">String</attrtype><attwidth Sync="TRUE">50</attwidth><attrdef>Name</attrdef></attr></detailed>
		<overview></overview>
	</eainfo>
	<distinfo>
		<distrib>
			<cntinfo>
				<cntperp>
					<cntper>Douglas J Schuetz</cntper>
					<cntorg>Rockland County Department of Planning</cntorg>
				</cntperp>
				<cntpos>GIS Director</cntpos>
				<cntaddr>
					<addrtype>mailing and physical address</addrtype>
					<address>50 Sanatorium Rd., Building T</address>
					<address>Yeager Health Center</address>
					<city>Pomona</city>
					<state>NY</state>
					<postal>10970</postal>
					<country>USA</country>
				</cntaddr>
				<cntvoice>845-364-3434</cntvoice>
				<cntfax>845-364-3435</cntfax>
				<cntemail>schuetzd@co.rockland.ny.us</cntemail>
				<hours>9-5</hours>
			</cntinfo>
		</distrib>
		<resdesc>Downloadable Data</resdesc>
		<distliab>Not for distribution; see license agreement

The accuracy of the information presented on this website
is not guaranteed. It was compiled from relevant public
records, but is not implied by the County to represent an
"official" replication thereof. This information is
constantly changing, may not be accurate or precise at the
time of viewing, is not supplied for engineering purposes
and should be field verified for accuracy. The County of
Rockland does not assume any liability to any party for any
loss or damage caused by the use of information presented
in this file.
All use is strictly at the user's own risk.
</distliab>
		<stdorder>
			<digform>
				<digtinfo>
					<transize>0.752</transize>
					<dssize Sync="TRUE">0.940</dssize></digtinfo>
			</digform>
		</stdorder>
	</distinfo>
	<metainfo>
		<metd Sync="TRUE">20081020</metd>
		<metc>
			<cntinfo>
				<cntorgp>
					<cntorg>Rockland County Department of Planning.</cntorg>
					<cntper>Caren Clarke</cntper>
				</cntorgp>
				<cntpos>GIS Technician II</cntpos>
				<cntaddr>
					<addrtype>mailing and physical address</addrtype>
					<address>50 Sanatorium Rd</address>
					<address>Building T</address>
					<address>Yeager Health Center</address>
					<city>Pomona</city>
					<state>NY</state>
					<postal>10970</postal>
				</cntaddr>
				<cntvoice>845-364-3425</cntvoice>
				<cntfax>845-364-3435</cntfax>
				<cntemail>clarkec@co.rockland.ny.us</cntemail>
				<hours>9-5</hours>
			</cntinfo>
		</metc>
		<metstdn Sync="TRUE">FGDC Content Standards for Digital Geospatial Metadata</metstdn>
		<metstdv Sync="TRUE">FGDC-STD-001-1998</metstdv>
		<mettc Sync="TRUE">local time</mettc>
		<langmeta Sync="TRUE">en</langmeta><metextns><onlink Sync="TRUE">http://www.esri.com/metadata/esriprof80.html</onlink><metprof Sync="TRUE">ESRI Metadata Profile</metprof></metextns></metainfo>
	<Esri><MetaID>{299FA99F-93CD-4CE5-B553-74F4437CE643}</MetaID><CreaDate>20071024</CreaDate><CreaTime>16345300</CreaTime><SyncOnce>FALSE</SyncOnce><SyncDate>20081020</SyncDate><SyncTime>13522900</SyncTime><ModDate>20081020</ModDate><ModTime>13540800</ModTime></Esri><dataIdInfo><envirDesc Sync="TRUE">Microsoft Windows XP Version 5.1 (Build 2600) Service Pack 2; ESRI ArcCatalog 9.2.0.1324</envirDesc><dataLang><languageCode Sync="TRUE" value="en"></languageCode></dataLang><idCitation><resTitle Sync="TRUE">hudsonRiver_83</resTitle><presForm><PresFormCd Sync="TRUE" value="005"></PresFormCd></presForm></idCitation><spatRpType><SpatRepTypCd Sync="TRUE" value="001"></SpatRepTypCd></spatRpType><dataExt><geoEle><GeoBndBox esriExtentType="native"><westBL Sync="TRUE">633024.079349</westBL><eastBL Sync="TRUE">666836.875</eastBL><northBL Sync="TRUE">906983.437531</northBL><southBL Sync="TRUE">786349.452967</southBL><exTypeCode Sync="TRUE">1</exTypeCode></GeoBndBox></geoEle></dataExt><geoBox esriExtentType="decdegrees"><westBL Sync="TRUE">-73.989577</westBL><eastBL Sync="TRUE">-73.8639</eastBL><northBL Sync="TRUE">41.32216</northBL><southBL Sync="TRUE">40.990448</southBL><exTypeCode Sync="TRUE">1</exTypeCode></geoBox></dataIdInfo><mdLang><languageCode Sync="TRUE" value="en"></languageCode></mdLang><mdStanName Sync="TRUE">ISO 19115 Geographic Information - Metadata</mdStanName><mdStanVer Sync="TRUE">DIS_ESRI1.0</mdStanVer><mdChar><CharSetCd Sync="TRUE" value="004"></CharSetCd></mdChar><mdHrLv><ScopeCd Sync="TRUE" value="005"></ScopeCd></mdHrLv><mdHrLvName Sync="TRUE">dataset</mdHrLvName><distInfo><distributor><distorTran><onLineSrc><orDesc Sync="TRUE">002</orDesc><linkage Sync="TRUE">file://\\YC_PLAN_1\TEST\GIS\Shared\Environment\hudsonRiver_83.shp</linkage><protocol Sync="TRUE">Local Area Network</protocol></onLineSrc><transSize Sync="TRUE">0.940</transSize></distorTran><distorFormat><formatName Sync="TRUE">Shapefile</formatName></distorFormat></distributor></distInfo><refSysInfo><RefSystem><refSysID><identCode Sync="TRUE">NAD_1983_StatePlane_New_York_East_FIPS_3101_Feet</identCode></refSysID></RefSystem></refSysInfo><spatRepInfo><VectSpatRep><topLvl><TopoLevCd Sync="TRUE" value="001"></TopoLevCd></topLvl><geometObjs Name="hudsonRiver_83"><geoObjTyp><GeoObjTypCd Sync="TRUE" value="001"></GeoObjTypCd></geoObjTyp><geoObjCnt Sync="TRUE">1</geoObjCnt></geometObjs></VectSpatRep></spatRepInfo><mdDateSt Sync="TRUE">20081020</mdDateSt></metadata>
